{
  "fold_accs": [
    0.9954769736842105,
    0.9946546052631579,
    0.9930098684210527,
    0.9941063601719705,
    0.9967105263157895
  ],
  "mean": 0.9947916667712363,
  "std": 0.00125019229476143
}