{
  "resnet18": 0.9950657894736842,
  "resnet34": 0.9938048249796817,
  "resnet50": 0.9928728070175439,
  "efficientnet_b0": 0.9884320173347205
}