{
  "fold_accs": [
    0.9975961538461539,
    0.9955929487179487,
    0.9943910256410257,
    0.9963942307692307,
    0.9236111106016697
  ],
  "mean": 0.9815170939152058,
  "std": 0.028971834872002503
}